Year,Value,GeoCode
Veränderung aktuelles Jahr (2020),,
Veränderung aktuelles Jahr (2020),,
Veränderung aktuelles Jahr (2020),,
Veränderung aktuelles Jahr (2020),,
Veränderung aktuelles Jahr (2020),,
Veränderung aktuelles Jahr (2020),,
Veränderung aktuelles Jahr (2020),,
Veränderung aktuelles Jahr (2020),,
Veränderung aktuelles Jahr (2020),,
Veränderung aktuelles Jahr (2020),,
Veränderung aktuelles Jahr (2020),,
Veränderung aktuelles Jahr (2020),,
Veränderung aktuelles Jahr (2020),,
Veränderung aktuelles Jahr (2020),,
Veränderung aktuelles Jahr (2020),,
Veränderung aktuelles Jahr (2020),,
Veränderung aktuelles Jahr (2020),,
Veränderung aktuelles Jahr (2020),,
Veränderung aktuelles Jahr (2020),,
Veränderung aktuelles Jahr (2020),,
Veränderung aktuelles Jahr (2020),,
Veränderung aktuelles Jahr (2020),,
Veränderung aktuelles Jahr (2020),,
Veränderung aktuelles Jahr (2020),,
Veränderung aktuelles Jahr (2020),,
Veränderung aktuelles Jahr (2020),,
Veränderung aktuelles Jahr (2020),,
Veränderung aktuelles Jahr (2020),,
Veränderung aktuelles Jahr (2020),,
Veränderung aktuelles Jahr (2020),,
Veränderung aktuelles Jahr (2020),,
Veränderung aktuelles Jahr (2020),,
Veränderung aktuelles Jahr (2020),,
Veränderung aktuelles Jahr (2020),,
Veränderung aktuelles Jahr (2020),,
Veränderung aktuelles Jahr (2020),,
Veränderung aktuelles Jahr (2020),,
Veränderung aktuelles Jahr (2020),,
Veränderung aktuelles Jahr (2020),,
Veränderung aktuelles Jahr (2020),,
Veränderung aktuelles Jahr (2020),,
Veränderung aktuelles Jahr (2020),,
Veränderung aktuelles Jahr (2020),,
Veränderung aktuelles Jahr (2020),,
Veränderung aktuelles Jahr (2020),,
Veränderung aktuelles Jahr (2020),,
Veränderung aktuelles Jahr (2020),,
Veränderung aktuelles Jahr (2020),,
Veränderung aktuelles Jahr (2020),,
Veränderung aktuelles Jahr (2020),,
Veränderung aktuelles Jahr (2020),,
Veränderung aktuelles Jahr (2020),,
Veränderung aktuelles Jahr (2020),,
Veränderung aktuelles Jahr (2020),,
Veränderung aktuelles Jahr (2020),,
Veränderung aktuelles Jahr (2020),,
Veränderung aktuelles Jahr (2020),,
Veränderung aktuelles Jahr (2020),,
Veränderung aktuelles Jahr (2020),,
Veränderung aktuelles Jahr (2020),,
Veränderung aktuelles Jahr (2020),,
Veränderung aktuelles Jahr (2020),,
Veränderung aktuelles Jahr (2020),,
Veränderung aktuelles Jahr (2020),,
Veränderung aktuelles Jahr (2020),,
Veränderung aktuelles Jahr (2020),,
Veränderung aktuelles Jahr (2020),,
Veränderung aktuelles Jahr (2020),,
Veränderung aktuelles Jahr (2020),,
Veränderung aktuelles Jahr (2020),,
Veränderung aktuelles Jahr (2020),,
Veränderung aktuelles Jahr (2020),,
Veränderung aktuelles Jahr (2020),,
Veränderung aktuelles Jahr (2020),,
Veränderung aktuelles Jahr (2020),,
Veränderung aktuelles Jahr (2020),,
Veränderung aktuelles Jahr (2020),,
Veränderung aktuelles Jahr (2020),,
Veränderung aktuelles Jahr (2020),,
Veränderung aktuelles Jahr (2020),,
Veränderung aktuelles Jahr (2020),,
Veränderung aktuelles Jahr (2020),,
Veränderung aktuelles Jahr (2020),,
Veränderung aktuelles Jahr (2020),,
Veränderung aktuelles Jahr (2020),,
Veränderung aktuelles Jahr (2020),,
Veränderung aktuelles Jahr (2020),,
Veränderung aktuelles Jahr (2020),,
Veränderung aktuelles Jahr (2020),,
Veränderung aktuelles Jahr (2020),,
Veränderung aktuelles Jahr (2020),,
Veränderung aktuelles Jahr (2020),,
Veränderung aktuelles Jahr (2020),,
Veränderung aktuelles Jahr (2020),,
Veränderung aktuelles Jahr (2020),,
Veränderung aktuelles Jahr (2020),,
Veränderung aktuelles Jahr (2020),,
Veränderung aktuelles Jahr (2020),,
Veränderung aktuelles Jahr (2020),,
Veränderung aktuelles Jahr (2020),,
Veränderung aktuelles Jahr (2020),,
Veränderung aktuelles Jahr (2020),,
Veränderung aktuelles Jahr (2020),,
Veränderung aktuelles Jahr (2020),,
